GTG;14;5.204460967
GAG;14;5.204460967
TTC;4;1.486988848
CGT;2;0.743494424
GTC;6;2.230483271
CTT;1;0.371747212
GGA;3;1.115241636
CCG;6;2.230483271
ATC;5;1.858736059
GAC;12;4.460966543
CGC;14;5.204460967
GCA;2;0.743494424
CAG;12;4.460966543
GGG;6;2.230483271
ACC;10;3.717472119
CCC;7;2.602230483
AGC;8;2.973977695
AAG;3;1.115241636
CGG;13;4.832713755
CTC;5;1.858736059
GCC;16;5.94795539
CTG;30;11.15241636
ATG;4;1.486988848
GCG;21;7.80669145
AAC;5;1.858736059
CAC;11;4.089219331
TCC;2;0.743494424
TGG;3;1.115241636
GGC;10;3.717472119
GAA;3;1.115241636
ACG;3;1.115241636
TAC;6;2.230483271
ATA;1;0.371747212
TGC;2;0.743494424
CCT;1;0.371747212
TCG;3;1.115241636
TGA;1;0.371747212
