c,o,d,o,n
c,o,u,n,t
p,e,r,c,e,n,t,a,g,e
GTG,14,5.204460966542751
GAG,14,5.204460966542751
TTC,4,1.486988847583643
CGT,2,0.7434944237918215
GTC,6,2.2304832713754648
CTT,1,0.37174721189591076
GGA,3,1.1152416356877324
CCG,6,2.2304832713754648
ATC,5,1.858736059479554
GAC,12,4.4609665427509295
CGC,14,5.204460966542751
GCA,2,0.7434944237918215
CAG,12,4.4609665427509295
GGG,6,2.2304832713754648
ACC,10,3.717472118959108
CCC,7,2.6022304832713754
AGC,8,2.973977695167286
AAG,3,1.1152416356877324
CGG,13,4.83271375464684
CTC,5,1.858736059479554
GCC,16,5.947955390334572
CTG,30,11.152416356877323
ATG,4,1.486988847583643
GCG,21,7.806691449814126
AAC,5,1.858736059479554
CAC,11,4.089219330855019
TCC,2,0.7434944237918215
TGG,3,1.1152416356877324
GGC,10,3.717472118959108
GAA,3,1.1152416356877324
ACG,3,1.1152416356877324
TAC,6,2.2304832713754648
ATA,1,0.37174721189591076
TGC,2,0.7434944237918215
CCT,1,0.37174721189591076
TCG,3,1.1152416356877324
TGA,1,0.37174721189591076
